env;LON;LAT;YEAR;MM;DD;DOY;YYYYMMDD;daysFromStart;tmean;tmax;tmin;prec;ws;rh;tdew;gdd;frue;trange;vpd;spv;etp;dbp
2019;30.503261;31.092925;2019;11;12;316;12/11/2019;1;24.56;33.51;17.99;0;3.97;49.12;9.65;17.995;0.988095238;15.52;2.419730462;0.196302872;6.772000401;-6.772000401
2019;30.503261;31.092925;2019;11;13;317;13/11/2019;2;24.39;32.8;17.12;0;1.65;53.75;11.51;17.56;0.95047619;15.68;2.105299754;0.188433833;6.577298003;-6.577298003
2019;30.503261;31.092925;2019;11;14;318;14/11/2019;3;23.23;29.86;17.89;0.05;3.63;51.12;11.3;17.945;0.898809524;11.97;1.79025349;0.178060759;6.27617724;-6.22617724
2019;30.503261;31.092925;2019;11;15;319;15/11/2019;4;22.42;27.55;19.1;0.06;3.36;60.62;13.72;18.325;0.872619048;8.45;1.376742787;0.172989194;6.232066105;-6.172066105
2019;30.503261;31.092925;2019;11;16;320;16/11/2019;5;21.38;26.94;17.17;0.06;3.26;64.44;13.84;17.055;0.812142857;9.77;1.173636204;0.161742225;6.086195304;-6.026195304
2019;30.503261;31.092925;2019;11;17;321;17/11/2019;6;22.05;27.78;17.55;0.01;3.41;61.44;13.6;17.665;0.841190476;10.23;1.311422622;0.167064689;5.097778884;-5.087778884
2019;30.503261;31.092925;2019;11;18;322;18/11/2019;7;21.62;28.79;16.62;0;3.88;45.56;8.29;17.31;0.843095238;12.17;1.830236149;0.167418807;6.22524621;-6.22524621
2019;30.503261;31.092925;2019;11;19;323;19/11/2019;8;20.23;28.11;14.82;0;3.25;44.12;5.83;16.41;0.784047619;13.29;1.820725618;0.156731227;6.481355529;-6.481355529
2019;30.503261;31.092925;2019;11;20;324;20/11/2019;9;18.68;27.23;13.55;0;2.96;45.94;4.55;15.39;0.732857143;13.68;1.737780791;0.147937958;6.391348384;-6.391348384
2019;30.503261;31.092925;2019;11;21;325;21/11/2019;10;18.69;24.84;13.47;0;1.77;56.31;9.16;14.155;0.674047619;11.37;1.180511283;0.138354485;5.742600229;-5.742600229
2019;30.503261;31.092925;2019;11;22;326;22/11/2019;11;19.29;25.93;15.1;0;1.74;62.06;11.2;15.515;0.738809524;10.83;1.201648457;0.148938489;5.878213968;-5.878213968
2019;30.503261;31.092925;2019;11;23;327;23/11/2019;12;19.64;26.52;15.33;0;1.1;61.94;11.27;15.925;0.758333333;11.19;1.267537345;0.152260496;5.806846209;-5.806846209
2019;30.503261;31.092925;2019;11;24;328;24/11/2019;13;19.38;26.42;14.4;0;1.57;60.88;10.56;15.41;0.733809524;12.02;1.268339006;0.14809766;5.541174081;-5.541174081
2019;30.503261;31.092925;2019;11;25;329;25/11/2019;14;20.3;30.19;13.62;0;3.77;51.94;7.3;15.81;0.805;16.57;1.901819476;0.160455591;5.882836352;-5.882836352
2019;30.503261;31.092925;2019;11;26;330;26/11/2019;15;19.63;27.86;14.3;0;3.64;45.06;6.55;16.08;0.765714286;13.56;1.718234966;0.153532588;5.621771428;-5.621771428
2019;30.503261;31.092925;2019;11;27;331;27/11/2019;16;17.41;23.87;12.19;0;3.53;56.19;7.44;13.03;0.62047619;11.68;1.157901719;0.130087344;5.280915357;-5.280915357
2019;30.503261;31.092925;2019;11;28;332;28/11/2019;17;19.57;25.54;15.87;0;2.06;66.56;12.48;15.705;0.747857143;9.67;1.089562861;0.150470253;5.802015722;-5.802015722
2019;30.503261;31.092925;2019;11;29;333;29/11/2019;18;19.73;26.21;15.9;0;1.22;65.12;12.15;16.055;0.76452381;10.31;1.188514096;0.153326806;5.139748263;-5.139748263
2019;30.503261;31.092925;2019;11;30;334;30/11/2019;19;19.24;25.63;14.42;0;1.42;66.19;12.02;15.025;0.71547619;11.21;1.061208264;0.145048883;5.777131451;-5.777131451
2019;30.503261;31.092925;2019;12;1;335;01/12/2019;20;19.16;25.25;14.49;0;2.49;68.44;12.39;14.87;0.708095238;10.76;0.993629571;0.143836536;4.560622693;-4.560622693
2019;30.503261;31.092925;2019;12;2;336;02/12/2019;21;18.46;23.76;15.16;0.02;2.93;58.5;9.55;14.46;0.688571429;8.6;1.140638983;0.140670944;5.223923161;-5.203923161
2019;30.503261;31.092925;2019;12;3;337;03/12/2019;22;18.04;23.23;14.89;0.04;2.22;58.38;9.45;14.06;0.66952381;8.34;1.087565287;0.137639595;4.088722162;-4.048722162
2019;30.503261;31.092925;2019;12;4;338;04/12/2019;23;18.27;24.48;14.26;0;1.66;61.19;10.18;14.37;0.684285714;10.22;1.105486808;0.139984009;5.286204026;-5.286204026
2019;30.503261;31.092925;2019;12;5;339;05/12/2019;24;19.22;25.29;14.76;0.16;2.39;69.31;13.04;15.025;0.71547619;10.53;0.949317384;0.145048883;5.043387135;-4.883387135
2019;30.503261;31.092925;2019;12;6;340;06/12/2019;25;18.44;22.93;15.51;0.34;3.95;63.06;10.97;14.22;0.677142857;7.42;0.969728174;0.138845429;3.773272981;-3.433272981
2019;30.503261;31.092925;2019;12;7;341;07/12/2019;26;18.24;22.87;14.9;0.12;2.74;55.44;8.82;13.885;0.661190476;7.97;1.106699696;0.136330879;5.016101648;-4.896101648
2019;30.503261;31.092925;2019;12;8;342;08/12/2019;27;17.91;21.69;15.39;2.26;2.76;72.06;12.52;13.54;0.644761905;6.3;0.720102102;0.133781687;3.44680149;-1.18680149
2019;30.503261;31.092925;2019;12;9;343;09/12/2019;28;17.65;22.26;14.05;2.32;2.34;71.38;11.91;13.155;0.626428571;8.21;0.75067399;0.130984724;4.607168714;-2.287168714
2019;30.503261;31.092925;2019;12;10;344;10/12/2019;29;17.43;24.03;13.15;1.05;2.05;64.06;10.07;13.59;0.647142857;10.88;1.017144787;0.134148614;4.226143311;-3.176143311
2019;30.503261;31.092925;2019;12;11;345;11/12/2019;30;15.54;21.6;10.78;0.01;2.43;61.25;7.84;11.19;0.532857143;10.82;0.87573323;0.117468653;2.824338324;-2.814338324
2019;30.503261;31.092925;2019;12;12;346;12/12/2019;31;14.58;18.74;11.52;2.68;3.78;69.5;8.83;10.13;0.482380952;7.22;0.625430393;0.110682687;2.715135241;-0.035135241
2019;30.503261;31.092925;2019;12;13;347;13/12/2019;32;14.9;20.8;10.94;0.02;4.66;65;7.9;10.87;0.517619048;9.86;0.816540999;0.11538383;4.274914867;-4.254914867
2019;30.503261;31.092925;2019;12;14;348;14/12/2019;33;13.73;20.88;8.9;0;4.52;46.44;1.19;9.89;0.470952381;11.98;1.138724355;0.109193383;4.677776995;-4.677776995
2019;30.503261;31.092925;2019;12;15;349;15/12/2019;34;12.96;17.66;10.2;7.35;3.24;73;7.98;8.93;0.425238095;7.46;0.561069733;0.103405234;3.568902706;3.781097294
2019;30.503261;31.092925;2019;12;16;350;16/12/2019;35;14.87;21.73;9.98;0;2.62;76.38;10.1;10.855;0.516904762;11.75;0.677287064;0.11528688;4.948295436;-4.948295436
2019;30.503261;31.092925;2019;12;17;351;17/12/2019;36;16.11;22.89;12.23;0;1.93;76.69;11.39;12.56;0.598095238;10.66;0.760228744;0.126759672;5.398316251;-5.398316251
2019;30.503261;31.092925;2019;12;18;352;18/12/2019;37;15.52;22.78;10.6;0;2.13;77.94;11.06;11.69;0.556666667;12.18;0.707261077;0.120790176;5.33089838;-5.33089838
2019;30.503261;31.092925;2019;12;19;353;19/12/2019;38;15.75;24.1;10.33;0;2.57;78.75;11.66;12.215;0.581666667;13.77;0.757176669;0.124363203;5.347454451;-5.347454451
2019;30.503261;31.092925;2019;12;20;354;20/12/2019;39;15.6;23.55;10.19;0;1.98;77;10.96;11.87;0.565238095;13.36;0.76472217;0.122005271;5.180278304;-5.180278304
2019;30.503261;31.092925;2019;12;21;355;21/12/2019;40;15.93;22.22;11.73;0;2.39;75.81;11.1;11.975;0.570238095;10.49;0.707201533;0.122718853;4.655018688;-4.655018688
2019;30.503261;31.092925;2019;12;22;356;22/12/2019;41;15.55;21.59;10.96;0.06;1.53;71.75;10.02;11.275;0.536904762;10.63;0.714269059;0.118027778;4.989345963;-4.929345963
2019;30.503261;31.092925;2019;12;23;357;23/12/2019;42;13.85;21.22;8.4;0.25;3.33;65.31;6.4;9.81;0.467142857;12.82;0.850228556;0.108700748;5.197562276;-4.947562276
2019;30.503261;31.092925;2019;12;24;358;24/12/2019;43;14.03;19.8;9.54;0.78;5.79;55.12;4.88;9.67;0.46047619;10.26;0.884994207;0.107843182;3.427800608;-2.647800608
2019;30.503261;31.092925;2019;12;25;359;25/12/2019;44;13.94;17.55;10.71;10.67;5.93;74.25;9.33;9.13;0.434761905;6.84;0.473042803;0.104589078;3.132003361;7.537996639
2019;30.503261;31.092925;2019;12;26;360;26/12/2019;45;14.9;19.58;10.62;2.33;6.16;64.44;7.88;10.1;0.480952381;8.96;0.714992017;0.110495586;3.916929246;-1.586929246
2019;30.503261;31.092925;2019;12;27;361;27/12/2019;46;14.64;18.91;10.67;0.2;4.26;62.44;7.24;9.79;0.466190476;8.24;0.716127564;0.108577885;3.968091706;-3.768091706
2019;30.503261;31.092925;2019;12;28;362;28/12/2019;47;13.15;19.31;9.73;0.39;2.84;66.25;6.37;9.52;0.453333333;9.58;0.763726551;0.106930749;3.254157197;-2.864157197
2019;30.503261;31.092925;2019;12;29;363;29/12/2019;48;13.38;20.57;6.92;0.09;3.52;61.19;5.37;8.745;0.416428571;13.65;0.814093808;0.102320343;4.985787469;-4.895787469
2019;30.503261;31.092925;2019;12;30;364;30/12/2019;49;12.76;17.31;9.56;0.15;4.83;66.44;5.95;8.435;0.401666667;7.75;0.652275453;0.100524122;4.557106126;-4.407106126
2019;30.503261;31.092925;2019;12;31;365;31/12/2019;50;13.43;18.87;10.19;0.03;1.88;71.12;7.76;9.53;0.453809524;8.68;0.656279173;0.106991373;4.48387205;-4.45387205
2019;30.503261;31.092925;2020;1;1;1;01/01/2020;51;12.9;18.44;9.4;0.08;1.77;73;7.65;8.92;0.424761905;9.04;0.603137967;0.103346342;2.878246956;-2.798246956
2019;30.503261;31.092925;2020;1;2;2;02/01/2020;52;12.18;17.86;8.12;3.88;3.92;70.56;6.51;7.99;0.38047619;9.74;0.59506499;0.097992616;3.188851273;0.691148727
2019;30.503261;31.092925;2020;1;3;3;03/01/2020;53;11.46;15.03;7.16;8.21;5.51;73.38;6.51;6.095;0.290238095;7.87;0.392123231;0.087810734;3.280553649;4.929446351
2019;30.503261;31.092925;2020;1;4;4;04/01/2020;54;13.79;17.81;11.83;3.18;3.52;73.81;9.01;9.82;0.467619048;5.98;0.56433471;0.108762224;3.770830163;-0.590830163
2019;30.503261;31.092925;2020;1;5;5;05/01/2020;55;13.23;18.33;8.25;0.16;3.71;67.5;6.97;8.29;0.394761905;10.08;0.599373183;0.099693208;4.333816384;-4.173816384
2019;30.503261;31.092925;2020;1;6;6;06/01/2020;56;12.78;18.9;8.53;2.65;5.51;61.69;4.96;8.715;0.415;10.37;0.778013825;0.102145331;4.224450995;-1.574450995
2019;30.503261;31.092925;2020;1;7;7;07/01/2020;57;11.03;15.13;7.25;3.51;5.51;74.31;6.24;6.19;0.294761905;7.88;0.418654742;0.088298776;3.535804226;-0.025804226
2019;30.503261;31.092925;2020;1;8;8;08/01/2020;58;11.83;16.27;7.99;6.25;5.09;78.56;8.01;7.13;0.33952381;8.28;0.387448078;0.093253774;3.350395626;2.899604374
2019;30.503261;31.092925;2020;1;9;9;09/01/2020;59;11.9;15.08;9.44;15.46;3.83;81.25;8.74;7.26;0.345714286;5.64;0.320331415;0.09395733;3.355478434;12.10452157
2019;30.503261;31.092925;2020;1;10;10;10/01/2020;60;13.25;17.29;9.47;2.55;3.07;75.19;8.71;8.38;0.399047619;7.82;0.453550836;0.100208257;3.664293887;-1.114293887
2019;30.503261;31.092925;2020;1;11;11;11/01/2020;61;13.73;18.81;9.92;0.02;1.06;70.75;8.12;9.365;0.445952381;8.89;0.614850012;0.105994804;4.766264408;-4.746264408
2019;30.503261;31.092925;2020;1;12;12;12/01/2020;62;13.62;19.86;10.08;0.01;1.67;72.75;8.33;9.97;0.474761905;9.78;0.679185312;0.109687914;4.821092372;-4.811092372
2019;30.503261;31.092925;2020;1;13;13;13/01/2020;63;13.27;19.6;9.14;0;1.45;74;8.26;9.37;0.446190476;10.46;0.62805017;0.106024886;5.123789274;-5.123789274
2019;30.503261;31.092925;2020;1;14;14;14/01/2020;64;14.2;19.59;10.83;1.49;1.63;77.56;9.9;10.21;0.486190476;8.76;0.568994879;0.111182942;4.196746845;-2.706746845
2019;30.503261;31.092925;2020;1;15;15;15/01/2020;65;15.82;20.91;12.51;1.23;3.55;75.19;11.02;11.71;0.557619048;8.4;0.647380105;0.120924678;2.536937842;-1.306937842
2019;30.503261;31.092925;2020;1;16;16;16/01/2020;66;14.71;19.05;11.64;0.11;4.06;69.5;8.86;10.345;0.492619048;7.41;0.649667119;0.112031476;4.529177237;-4.419177237
2019;30.503261;31.092925;2020;1;17;17;17/01/2020;67;14.25;17.85;11.88;5.98;3.71;81.69;11.01;9.865;0.469761905;5.97;0.404453356;0.109039232;3.130407064;2.849592936
2019;30.503261;31.092925;2020;1;18;18;18/01/2020;68;13.75;16.9;11.96;6.99;2.41;82.12;10.62;9.43;0.449047619;4.94;0.382241978;0.106386445;3.486673982;3.503326018
2019;30.503261;31.092925;2020;1;19;19;19/01/2020;69;13.48;15.96;10.94;2.34;2.86;80.94;10.23;8.45;0.402380952;5.02;0.31353959;0.100610414;4.00424868;-1.66424868
2019;30.503261;31.092925;2020;1;20;20;20/01/2020;70;13.89;17.76;11.31;0.17;3.87;68.44;7.84;9.535;0.454047619;6.45;0.625374068;0.107021696;4.446208217;-4.276208217
2019;30.503261;31.092925;2020;1;21;21;21/01/2020;71;12.83;16.45;10.39;0.53;3.95;63.56;5.74;8.42;0.400952381;6.06;0.647387755;0.100437893;4.360791295;-3.830791295
2019;30.503261;31.092925;2020;1;22;22;22/01/2020;72;12.31;17.25;9.44;0.29;2.87;66.88;5.89;8.345;0.397380952;7.81;0.647605939;0.100007692;5.371686216;-5.081686216
2019;30.503261;31.092925;2020;1;23;23;23/01/2020;73;12.62;16.65;8.73;0.45;2.71;72.94;7.65;7.69;0.366190476;7.92;0.463747767;0.096316778;4.833189887;-4.383189887
2019;30.503261;31.092925;2020;1;24;24;24/01/2020;74;12.8;16.21;7.4;0.11;4.11;63.94;5.7;6.805;0.324047619;8.81;0.520384061;0.091514487;5.245326538;-5.135326538
2019;30.503261;31.092925;2020;1;25;25;25/01/2020;75;11.53;17.55;7.58;0.01;1.78;67.81;5.4;7.565;0.360238095;9.97;0.627396928;0.095625748;5.230224875;-5.220224875
2019;30.503261;31.092925;2020;1;26;26;26/01/2020;76;11.29;17.98;6.53;0;1.41;74.19;6.36;7.255;0.34547619;11.45;0.556996765;0.093930187;4.891239425;-4.891239425
2019;30.503261;31.092925;2020;1;27;27;27/01/2020;77;12.18;18.48;7.83;0;1.55;78.5;8.17;8.155;0.388333333;10.65;0.508491274;0.098924859;4.95801507;-4.95801507
2019;30.503261;31.092925;2020;1;28;28;28/01/2020;78;13.32;19.47;9.58;0.03;2.05;79.5;9.35;9.525;0.453571429;9.89;0.552734342;0.106961057;5.717169813;-5.687169813
2019;30.503261;31.092925;2020;1;29;29;29/01/2020;79;13.83;20.28;9.43;0.06;2.24;78.25;9.69;9.855;0.469285714;10.85;0.577774576;0.108977623;5.960269046;-5.900269046
2019;30.503261;31.092925;2020;1;30;30;30/01/2020;80;12.87;19.74;7.6;0.02;2.37;75.62;7.99;8.67;0.412857143;12.14;0.600343165;0.101883289;5.749486302;-5.729486302
2019;30.503261;31.092925;2020;1;31;31;31/01/2020;81;13.51;19.36;8.13;0.01;3.01;72.94;8.15;8.745;0.416428571;11.23;0.58097166;0.102320343;6.647716626;-6.637716626
2019;30.503261;31.092925;2020;2;1;32;01/02/2020;82;12.87;19.55;7.94;0;2.32;72.56;7.65;8.745;0.416428571;11.61;0.623679424;0.102320343;5.64554829;-5.64554829
2019;30.503261;31.092925;2020;2;2;33;02/02/2020;83;14.47;20.12;11.05;0;1.36;66.38;7.87;10.585;0.504047619;9.07;0.773062579;0.113553568;5.063113775;-5.063113775
2019;30.503261;31.092925;2020;2;3;34;03/02/2020;84;14.02;20.05;10.62;0;1.54;74.81;9.29;10.335;0.492142857;9.43;0.641956961;0.111968434;6.341074802;-6.341074802
2019;30.503261;31.092925;2020;2;4;35;04/02/2020;85;14.54;20.96;10.17;0;2.05;76.81;10.35;10.565;0.503095238;10.79;0.604380185;0.11342606;5.317366519;-5.317366519
2019;30.503261;31.092925;2020;2;5;36;05/02/2020;86;14.59;22.16;7.93;0.05;3.82;64.38;7.19;10.045;0.478333333;14.23;0.853712773;0.110153264;6.593766744;-6.543766744
2019;30.503261;31.092925;2020;2;6;37;06/02/2020;87;13.41;20.13;9.13;0;4.04;56.56;4.39;9.63;0.458571429;11;0.92178596;0.107599222;6.140553243;-6.140553243
2019;30.503261;31.092925;2020;2;7;38;07/02/2020;88;12.05;17.26;7.08;3.1;4.59;66.94;5.64;7.17;0.341428571;10.18;0.576555211;0.093469773;4.533560186;-1.433560186
2019;30.503261;31.092925;2020;2;8;39;08/02/2020;89;12.06;16.4;9.37;3.4;4.06;68.62;6;7.885;0.37547619;7.03;0.586041671;0.097403271;5.240944883;-1.840944883
2019;30.503261;31.092925;2020;2;9;40;09/02/2020;90;11.28;15.65;8.01;0.45;4.09;63.44;4.16;6.83;0.325238095;7.64;0.603281672;0.09164729;4.584897297;-4.134897297
2019;30.503261;31.092925;2020;2;10;41;10/02/2020;91;11.84;16.05;9.31;0.12;3.31;64.44;5.1;7.68;0.365714286;6.74;0.619774804;0.096261339;4.114554499;-3.994554499
2019;30.503261;31.092925;2020;2;11;42;11/02/2020;92;12.83;17.33;9.37;0.21;2.33;76.62;8.57;8.35;0.397619048;7.96;0.462701237;0.100036323;3.683881197;-3.473881197
2019;30.503261;31.092925;2020;2;12;43;12/02/2020;93;14.73;22.37;8.73;0;2.36;65.88;7.73;10.55;0.502380952;13.64;0.862488672;0.113330508;6.924330956;-6.924330956
2019;30.503261;31.092925;2020;2;13;44;13/02/2020;94;14.72;23.48;7.96;0.01;2.09;74.56;9.56;10.72;0.51047619;15.52;0.788698154;0.114417437;7.21688317;-7.20688317
2019;30.503261;31.092925;2020;2;14;45;14/02/2020;95;14.04;19.89;9.95;0.05;2.16;88.5;12.76;9.92;0.472380952;9.94;0.298702274;0.10937861;2.61645631;-2.56645631
2019;30.503261;31.092925;2020;2;15;46;15/02/2020;96;15.3;23.16;10.18;0.3;1.53;79.44;11.39;11.67;0.555714286;12.98;0.692639215;0.120655802;6.873026195;-6.573026195
2019;30.503261;31.092925;2020;2;16;47;16/02/2020;97;14.5;20.19;10.81;0.7;2.64;78.75;10.35;10.5;0.5;9.38;0.573995527;0.113012498;6.381065111;-5.681065111
2019;30.503261;31.092925;2020;2;17;48;17/02/2020;98;14.37;20.02;10.67;1.24;2.28;74.12;9.37;10.345;0.492619048;9.35;0.63559112;0.112031476;7.135470417;-5.895470417
2019;30.503261;31.092925;2020;2;18;49;18/02/2020;99;13.33;18.39;9.87;1.35;1.66;76.06;8.81;9.13;0.434761905;8.52;0.532802568;0.104589078;2.94332846;-1.59332846
2019;30.503261;31.092925;2020;2;19;50;19/02/2020;100;12.87;18.19;8.96;2.04;2.95;80.62;9.16;8.575;0.408333333;9.23;0.456325098;0.101331968;6.410490389;-4.370490389
2019;30.503261;31.092925;2020;2;20;51;20/02/2020;101;13.43;20.59;7.54;0.01;2.31;72.88;8.22;9.065;0.431666667;13.05;0.643368199;0.104203071;5.509736025;-5.499736025
2019;30.503261;31.092925;2020;2;21;52;21/02/2020;102;13.29;19.32;8.39;0.58;3.88;71.12;7.77;8.855;0.421666667;10.93;0.615523048;0.10296424;5.560210587;-4.980210587
2019;30.503261;31.092925;2020;2;22;53;22/02/2020;103;13.8;18.96;9.4;0.34;2.78;68.81;7.68;9.18;0.437142857;9.56;0.636052988;0.104886833;4.706758254;-4.366758254
2019;30.503261;31.092925;2020;2;23;54;23/02/2020;104;12.79;18.44;8.9;5.23;1.34;73.75;7.79;8.67;0.412857143;9.54;0.573516884;0.101883289;3.500594345;1.729405655
2019;30.503261;31.092925;2020;2;24;55;24/02/2020;105;11.79;15.98;8.95;4.17;1.76;82.19;8.6;7.465;0.35547619;7.03;0.362661276;0.095075969;6.422227757;-2.252227757
2019;30.503261;31.092925;2020;2;25;56;25/02/2020;106;13.55;20.37;8.88;0.07;2.88;77.94;9.05;9.625;0.458333333;11.49;0.613617457;0.10756876;7.294959046;-7.224959046
2019;30.503261;31.092925;2020;2;26;57;26/02/2020;107;14.95;23.52;8;0.01;1.77;73;9.76;10.76;0.512380952;15.52;0.777516876;0.114674467;7.083274174;-7.073274174
2019;30.503261;31.092925;2020;2;27;58;27/02/2020;108;17.05;24.92;10.01;0;1.69;60.06;8.33;12.465;0.593571429;14.91;1.093594303;0.126095901;7.393819594;-7.393819594
2019;30.503261;31.092925;2020;2;28;59;28/02/2020;109;17.47;26.08;10.73;0;2.68;61.25;8.6;13.405;0.638333333;15.35;1.21591086;0.132795229;8.221211534;-8.221211534
2019;30.503261;31.092925;2020;2;29;60;29/02/2020;110;15.05;20.43;10.3;0.03;4.47;68.25;8.76;10.365;0.493571429;10.13;0.697457877;0.112157652;6.916098116;-6.886098116
2019;30.503261;31.092925;2020;3;1;61;01/03/2020;111;14.44;20.47;10.74;0;3.17;64.75;7.48;10.605;0.505;9.73;0.813301685;0.113681198;6.259900745;-6.259900745
2019;30.503261;31.092925;2020;3;2;62;02/03/2020;112;14.55;21.76;9.56;0;1.81;65.44;7.44;10.66;0.507619048;12.2;0.866299876;0.114032809;8.038729666;-8.038729666
2019;30.503261;31.092925;2020;3;3;63;03/03/2020;113;14.58;23.85;7.28;0.02;2.59;72.25;8.55;10.565;0.503095238;16.57;0.875569807;0.11342606;8.916160179;-8.896160179
2019;30.503261;31.092925;2020;3;4;64;04/03/2020;114;17.02;27.23;8.16;0.07;1.51;62.25;8.19;12.695;0.60452381;19.07;1.262352354;0.127708019;7.824996982;-7.754996982
2019;30.503261;31.092925;2020;3;5;65;05/03/2020;115;17.36;26.98;9.87;0;2.66;53;6.37;13.425;0.639285714;17.11;1.429850721;0.132940981;7.869055941;-7.869055941
2019;30.503261;31.092925;2020;3;6;66;06/03/2020;116;14.88;20.94;11.1;2.51;3.27;74.94;10.08;11.02;0.524761905;9.84;0.665077105;0.116357145;5.297851674;-2.787851674
2019;30.503261;31.092925;2020;3;7;67;07/03/2020;117;16.48;24.67;10.74;0;1.62;68.5;9.3;12.705;0.605;13.93;1.02654991;0.127778506;9.265872648;-9.265872648
2019;30.503261;31.092925;2020;3;8;68;08/03/2020;118;16.84;26.44;9.78;1.23;3.25;71.31;10.15;13.11;0.624285714;16.66;1.089526511;0.130661064;9.58084908;-8.35084908
2019;30.503261;31.092925;2020;3;9;69;09/03/2020;119;17.36;29.42;11.01;1.45;3.81;69.56;9.37;14.505;0.72452381;18.41;1.531635986;0.14654677;8.454593883;-7.004593883
2019;30.503261;31.092925;2020;3;10;70;10/03/2020;120;15.23;22.54;9.83;0.03;2.27;69.5;8.54;11.185;0.532619048;12.71;0.86023309;0.117435833;8.733643274;-8.703643274
2019;30.503261;31.092925;2020;3;11;71;11/03/2020;121;15.69;23.49;10.26;4.14;3.9;71.69;9.72;11.875;0.56547619;13.23;0.866514083;0.122039171;7.316450375;-3.176450375
2019;30.503261;31.092925;2020;3;12;72;12/03/2020;122;16.25;20.27;13.63;36.17;4.35;85.75;13.74;11.95;0.569047619;6.64;0.397291964;0.122548632;1.047144203;35.1228558
2019;30.503261;31.092925;2020;3;13;73;13/03/2020;123;15.93;20.02;13.58;24.02;5.17;87.38;13.7;11.8;0.561904762;6.44;0.380604797;0.121531507;5.895671017;18.12432898
2019;30.503261;31.092925;2020;3;14;74;14/03/2020;124;17.73;23.61;12.61;0.69;2.83;80.31;13.87;13.11;0.624285714;11;0.602193426;0.130661064;8.771199862;-8.081199862
2019;30.503261;31.092925;2020;3;15;75;15/03/2020;125;17.48;26.26;9.45;0.01;1.65;68.19;10.75;12.855;0.612142857;16.81;1.007350248;0.128839769;9.034569164;-9.024569164
2019;30.503261;31.092925;2020;3;16;76;16/03/2020;126;17.65;25.95;11.42;0.01;2.18;67.12;10.38;13.685;0.651666667;14.53;1.091046905;0.134848123;9.272383086;-9.262383086
2019;30.503261;31.092925;2020;3;17;77;17/03/2020;127;14.51;18.95;11.44;0.37;5.17;68.38;8.26;10.195;0.48547619;7.51;0.679140224;0.111088998;5.395622667;-5.025622667
2019;30.503261;31.092925;2020;3;18;78;18/03/2020;128;14.03;19.93;8.88;0;4.14;62.31;6.44;9.405;0.447857143;11.05;0.769472233;0.106235668;8.127866886;-8.127866886
2019;30.503261;31.092925;2020;3;19;79;19/03/2020;129;13.07;18.26;9.15;0.01;4.55;62.25;5.47;8.705;0.41452381;9.11;0.727488787;0.10208705;7.571474057;-7.561474057
2019;30.503261;31.092925;2020;3;20;80;20/03/2020;130;12.63;17.65;8.94;0.52;4.48;64.88;5.76;8.295;0.395;8.71;0.661502042;0.099721763;6.519780672;-5.999780672
2019;30.503261;31.092925;2020;3;21;81;21/03/2020;131;13.19;18.97;8.76;0.02;2.58;64.56;6.06;8.865;0.422142857;10.21;0.722406885;0.103022946;9.411553611;-9.391553611
2019;30.503261;31.092925;2020;3;22;82;22/03/2020;132;14;22.15;5.91;0.03;1.72;62.31;5.62;9.03;0.43;16.24;0.887928939;0.103995723;9.570422455;-9.540422455
2019;30.503261;31.092925;2020;3;23;83;23/03/2020;133;17.18;27.73;9.82;0;3.37;59.5;7.58;13.775;0.655952381;17.91;1.424557984;0.135513664;8.495704556;-8.495704556
2019;30.503261;31.092925;2020;3;24;84;24/03/2020;134;16.06;24.01;9.96;0.01;2.54;74.88;10.99;11.985;0.570714286;14.05;0.793324214;0.122786997;8.961714554;-8.951714554
2019;30.503261;31.092925;2020;3;25;85;25/03/2020;135;16.45;24.26;9.93;0.03;2.09;72.56;10.86;12.095;0.575952381;14.33;0.825933354;0.123538708;9.255308289;-9.225308289
2019;30.503261;31.092925;2020;3;26;86;26/03/2020;136;17.96;25.55;12.8;0.61;3.02;65.25;10.31;14.175;0.675;12.75;1.121927471;0.138505388;5.199021566;-4.589021566
2019;30.503261;31.092925;2020;3;27;87;27/03/2020;137;18.27;25.66;12.08;0;3.18;73;12.46;13.87;0.66047619;13.58;0.906516607;0.136219196;8.475965481;-8.475965481
2019;30.503261;31.092925;2020;3;28;88;28/03/2020;138;15.99;22.81;10.93;0;3.38;67.25;8.86;11.87;0.565238095;11.88;0.90468874;0.122005271;10.37778114;-10.37778114
2019;30.503261;31.092925;2020;3;29;89;29/03/2020;139;17.24;26.65;8.8;0;3.26;54.31;5.6;12.725;0.605952381;17.85;1.403138246;0.127919578;10.4823055;-10.4823055
2019;30.503261;31.092925;2020;3;30;90;30/03/2020;140;19.78;29.65;10.9;0;2.9;47.19;6.49;14.45;0.727380952;18.75;1.763951424;0.147022497;8.073119054;-8.073119054
2019;30.503261;31.092925;2020;3;31;91;31/03/2020;141;18.81;25.26;14.23;0;5.02;56.75;9.37;14.745;0.702142857;11.03;1.242780603;0.142865093;9.879957393;-9.879957393
2019;30.503261;31.092925;2020;4;1;92;01/04/2020;142;17.9;24.08;12.58;0;3.53;70.75;11.74;13.33;0.634761905;11.5;0.848968973;0.132249865;10.17417086;-10.17417086
2019;30.503261;31.092925;2020;4;2;93;02/04/2020;143;17.03;24.91;10.68;0;1.98;66.56;9.48;12.795;0.609285714;14.23;1.03208575;0.128414371;10.16301263;-10.16301263
2019;30.503261;31.092925;2020;4;3;94;03/04/2020;144;19.84;29.3;11.07;0;1.95;58.75;9.65;14.535;0.723095238;18.23;1.497735233;0.146309395;10.33794765;-10.33794765
2019;30.503261;31.092925;2020;4;4;95;04/04/2020;145;22.09;31.61;13.65;0;4.55;47.19;8.22;15.825;0.83952381;17.96;2.01780494;0.166755355;9.995111775;-9.995111775
2019;30.503261;31.092925;2020;4;5;96;05/04/2020;146;19.09;25.04;14.47;0;4.25;60.62;10.79;14.755;0.702619048;10.57;1.117138095;0.142942603;9.082320991;-9.082320991
2019;30.503261;31.092925;2020;4;6;97;06/04/2020;147;17.55;24.64;12.74;0.01;2.62;65.5;10.05;13.69;0.651904762;11.9;1.054366494;0.134885025;9.767017283;-9.757017283
2019;30.503261;31.092925;2020;4;7;98;07/04/2020;148;16.62;23.26;11.38;0;2.38;64.5;8.89;12.32;0.586666667;11.88;0.960494406;0.125088461;10.37192099;-10.37192099
2019;30.503261;31.092925;2020;4;8;99;08/04/2020;149;16.83;22.76;12.81;0.02;2;65.25;9.47;12.785;0.608809524;9.95;0.939028202;0.128343587;10.13609537;-10.11609537
2019;30.503261;31.092925;2020;4;9;100;09/04/2020;150;16.38;21.79;12.3;0.06;2.99;68.94;9.95;12.045;0.573571429;9.49;0.796534202;0.123196539;9.747163978;-9.687163978
2019;30.503261;31.092925;2020;4;10;101;10/04/2020;151;15.99;21.7;11.37;0.08;3.52;69.62;9.85;11.535;0.549285714;10.33;0.754961567;0.119752088;8.856497263;-8.776497263
2019;30.503261;31.092925;2020;4;11;102;11/04/2020;152;17.28;24.44;11.59;0;2.34;61.88;9.04;13.015;0.619761905;12.85;1.063162809;0.129980009;10.76491389;-10.76491389
2019;30.503261;31.092925;2020;4;12;103;12/04/2020;153;18.38;26.29;12.55;0;1.84;60.81;9.13;14.42;0.686666667;13.74;1.278648581;0.140365288;11.27609132;-11.27609132
2019;30.503261;31.092925;2020;4;13;104;13/04/2020;154;18.19;26.56;11.38;0;2.01;62.38;8.58;13.97;0.665238095;15.18;1.294356134;0.136965219;10.59582855;-10.59582855
2019;30.503261;31.092925;2020;4;14;105;14/04/2020;155;18.05;26.43;10.76;0;2.36;59.88;8.06;13.595;0.647380952;15.67;1.292674446;0.134185353;11.83543506;-11.83543506
2019;30.503261;31.092925;2020;4;15;106;15/04/2020;156;19.62;28.58;9.9;0;1.57;54.75;7.97;13.95;0.678095238;18.68;1.493988395;0.138996785;9.836667375;-9.836667375
2019;30.503261;31.092925;2020;4;16;107;16/04/2020;157;18.69;25.01;14.25;0;4.73;59.5;10.23;14.63;0.696666667;10.76;1.150140298;0.141976274;9.527452283;-9.527452283
2019;30.503261;31.092925;2020;4;17;108;17/04/2020;158;19.31;26.23;14.37;0;4.02;66.44;11.62;15.3;0.728571429;11.86;1.154562814;0.147221102;10.99797164;-10.99797164
2019;30.503261;31.092925;2020;4;18;109;18/04/2020;159;20.05;28.33;13.65;0;3.24;65.12;11.69;15.825;0.761428571;14.68;1.333719423;0.152792865;11.4766781;-11.4766781
2019;30.503261;31.092925;2020;4;19;110;19/04/2020;160;19.98;28.33;13.4;0;3.28;61.88;10.76;15.7;0.75547619;14.93;1.403327675;0.151770472;11.81325056;-11.81325056
2019;30.503261;31.092925;2020;4;20;111;20/04/2020;161;20.3;29.29;12.43;0;2.27;60.44;10.51;15.215;0.755238095;16.86;1.48745207;0.151729696;11.44367189;-11.44367189
2019;30.503261;31.092925;2020;4;21;112;21/04/2020;162;23.27;33.45;14.26;0;1.8;50.44;9.86;16.13;0.897857143;19.19;2.175584905;0.177874166;11.46634097;-11.46634097
2019;30.503261;31.092925;2020;4;22;113;22/04/2020;163;22.29;32.24;15.77;24.05;4.04;53;10.33;16.885;0.905;16.47;2.050243953;0.179277639;11.18167368;12.86832632
2019;30.503261;31.092925;2020;4;23;114;23/04/2020;164;19.96;26.97;13.91;13.48;2.65;69.62;13.19;15.44;0.735238095;13.06;1.057658448;0.148337486;11.29764432;2.182355681
2019;30.503261;31.092925;2020;4;24;115;24/04/2020;165;19.77;28.21;14.71;25.13;4.68;72;13.73;16.355;0.783809524;13.5;1.179232994;0.156689328;8.910993105;16.2190069
2019;30.503261;31.092925;2020;4;25;116;25/04/2020;166;17.55;22.74;14.37;37.27;4.01;74.5;12.51;13.555;0.64547619;8.37;0.751019152;0.133891676;10.1843927;27.0856073
2019;30.503261;31.092925;2020;4;26;117;26/04/2020;167;18.08;24.17;13.77;2.76;2.27;68.38;11.37;13.97;0.665238095;10.4;0.949318549;0.136965219;11.78385897;-9.02385897
2020;30.503261;31.092925;2020;11;15;320;15/11/2020;1;19.19;23.89;16.23;0.25;3.56;65.31;12.03;15.06;0.717142857;7.66;0.99934871;0.145323832;5.40285196;-5.15285196
2020;30.503261;31.092925;2020;11;16;321;16/11/2020;2;19.8;24.76;15.76;0.37;2.97;64.25;12.48;15.26;0.726666667;9;1.009075178;0.146903443;5.384427051;-5.014427051
2020;30.503261;31.092925;2020;11;17;322;17/11/2020;3;18.87;24.94;14.62;0.03;2.12;62.94;11.07;14.78;0.703809524;10.32;1.091401675;0.143136536;5.64279901;-5.61279901
2020;30.503261;31.092925;2020;11;18;323;18/11/2020;4;19.37;25.91;14.8;0.02;2.12;64.75;11.95;15.355;0.731190476;11.11;1.115571679;0.147658831;5.893397544;-5.873397544
2020;30.503261;31.092925;2020;11;19;324;19/11/2020;5;19.05;24.69;15.51;0.2;2.54;70;13.02;15.1;0.719047619;9.18;0.936190423;0.1456386;5.214312481;-5.014312481
2020;30.503261;31.092925;2020;11;20;325;20/11/2020;6;16.62;20.51;14.59;9.68;3.58;77.81;12.6;12.55;0.597619048;5.92;0.577941925;0.126689662;3.25343763;6.42656237
2020;30.503261;31.092925;2020;11;21;326;21/11/2020;7;17.59;22.58;13.65;1.64;3.09;71.94;12.11;13.115;0.62452381;8.93;0.73796148;0.130696993;5.241175961;-3.601175961
2020;30.503261;31.092925;2020;11;22;327;22/11/2020;8;18.65;24.33;14.72;0.1;1.59;69.44;12.46;14.525;0.691666667;9.61;0.913482672;0.141168836;5.446735171;-5.346735171
2020;30.503261;31.092925;2020;11;23;328;23/11/2020;9;19.01;24.1;14.88;0.26;2.31;75.12;14.12;14.49;0.69;9.22;0.735924811;0.140900555;3.719671924;-3.459671924
2020;30.503261;31.092925;2020;11;24;329;24/11/2020;10;19.57;24.19;16.64;0.25;2.01;72.38;14.11;15.415;0.734047619;7.55;0.84595914;0.148137609;4.903012886;-4.653012886
2020;30.503261;31.092925;2020;11;25;330;25/11/2020;11;17.37;20.48;15.74;7.61;3.05;79.69;13.71;13.11;0.624285714;4.74;0.52970409;0.130661064;3.121067147;4.488932853
2020;30.503261;31.092925;2020;11;26;331;26/11/2020;12;17.95;21.67;15.19;1.17;2.71;69.12;12.01;13.43;0.63952381;6.48;0.75525366;0.13297744;4.66139753;-3.49139753
2020;30.503261;31.092925;2020;11;27;332;27/11/2020;13;17.76;20.97;15.25;0.29;0.95;65.81;11.12;13.11;0.624285714;5.72;0.78445977;0.130661064;3.190714391;-2.900714391
2020;30.503261;31.092925;2020;11;28;333;28/11/2020;14;16.78;22.14;12.98;0.03;1.93;68.12;10.55;12.56;0.598095238;9.16;0.807208017;0.126759672;5.333328495;-5.303328495
2020;30.503261;31.092925;2020;11;29;334;29/11/2020;15;17.33;22.87;13.09;0.01;1.12;67.06;10.71;12.98;0.618095238;9.78;0.859366459;0.129729854;5.417819202;-5.407819202
2020;30.503261;31.092925;2020;11;30;335;30/11/2020;16;17.24;23.44;11.41;0;1.46;59.12;8.08;12.425;0.591666667;12.03;1.038338501;0.125817302;5.552081012;-5.552081012
2020;30.503261;31.092925;2020;12;1;336;01/12/2020;17;15.55;23.93;8.96;0.01;1.98;63.5;7.73;11.445;0.545;14.97;1.004949112;0.119152808;5.203115892;-5.193115892
2020;30.503261;31.092925;2020;12;2;337;02/12/2020;18;16.89;22.65;11.69;0.01;1.12;65.88;9.65;12.17;0.57952381;10.96;0.86284398;0.124053472;5.505077289;-5.495077289
2020;30.503261;31.092925;2020;12;3;338;03/12/2020;19;17.88;23.71;12.9;0;1.3;54.88;8.21;13.305;0.633571429;10.81;1.12194035;0.132068499;5.393411132;-5.393411132
2020;30.503261;31.092925;2020;12;4;339;04/12/2020;20;16.14;22.88;10.37;0;1.84;61.56;8.15;11.625;0.553571429;12.51;0.940118136;0.120353923;4.403975757;-4.403975757
2020;30.503261;31.092925;2020;12;5;340;05/12/2020;21;16.44;22.59;11.9;0.03;2.29;65.5;9.33;12.245;0.583095238;10.69;0.892993508;0.124570055;4.713748832;-4.683748832
2020;30.503261;31.092925;2020;12;6;341;06/12/2020;22;16.69;23.37;10.73;0;1.38;57.44;7.13;12.05;0.573809524;12.64;1.070261759;0.123230719;5.654470268;-5.654470268
2020;30.503261;31.092925;2020;12;7;342;07/12/2020;23;16.94;25.19;11.78;0.11;3.41;53.12;5.95;13.485;0.642142857;13.41;1.361154375;0.13337905;4.864380823;-4.754380823
2020;30.503261;31.092925;2020;12;8;343;08/12/2020;24;17.26;23.8;13.58;0;2.46;72.06;11.51;13.69;0.651904762;10.22;0.894004195;0.134885025;5.388699191;-5.388699191
2020;30.503261;31.092925;2020;12;9;344;09/12/2020;25;16.16;22.68;11.69;0;1.42;68.25;9.49;12.185;0.580238095;10.99;0.878183462;0.124156643;5.631040004;-5.631040004
2020;30.503261;31.092925;2020;12;10;345;10/12/2020;26;15.98;22.76;10.07;0.01;1.18;64.06;8.01;11.415;0.543571429;12.69;0.927793582;0.118953615;5.561888215;-5.551888215
2020;30.503261;31.092925;2020;12;11;346;11/12/2020;27;15.65;24.2;9.15;0;1.87;52.06;4.9;11.675;0.555952381;15.05;1.223555374;0.120689383;5.235602033;-5.235602033
2020;30.503261;31.092925;2020;12;12;347;12/12/2020;28;15.93;22.29;9.79;0;1.8;60.12;7.32;11.04;0.525714286;12.5;0.926791302;0.116487445;4.854432926;-4.854432926
2020;30.503261;31.092925;2020;12;13;348;13/12/2020;29;17.32;25.39;11.66;0;2.17;51.81;6.62;13.525;0.644047619;13.73;1.330712904;0.133671775;3.149349757;-3.149349757
2020;30.503261;31.092925;2020;12;14;349;14/12/2020;30;16.14;20.7;13.52;0.03;4.87;57.62;7.5;12.11;0.576666667;7.18;0.958703036;0.123641515;4.535491247;-4.505491247
2020;30.503261;31.092925;2020;12;15;350;15/12/2020;31;15.5;20.03;12.53;1.37;4.74;78.06;11.51;11.28;0.537142857;7.5;0.539581228;0.118060738;2.873825887;-1.503825887
2020;30.503261;31.092925;2020;12;16;351;16/12/2020;32;16.62;20.93;13.75;0.81;2.55;78.75;12.6;12.34;0.587619048;7.18;0.565546161;0.125227011;4.341492636;-3.531492636
2020;30.503261;31.092925;2020;12;17;352;17/12/2020;33;16.57;22.23;13.19;0.09;1.73;74.88;11.64;12.71;0.605238095;9.04;0.729217447;0.127813761;4.841366736;-4.751366736
2020;30.503261;31.092925;2020;12;18;353;18/12/2020;34;16.76;22.66;13.49;0.01;1.93;73.56;11.48;13.075;0.622619048;9.17;0.794102902;0.130409798;5.056638009;-5.046638009
2020;30.503261;31.092925;2020;12;19;354;19/12/2020;35;16.33;22.2;12.19;0.01;2.21;76.94;11.69;12.195;0.580714286;10.01;0.674111399;0.124225464;4.003402468;-3.993402468
2020;30.503261;31.092925;2020;12;20;355;20/12/2020;36;15.8;22.1;11.74;0.02;2.05;75.38;10.85;11.92;0.567619048;10.36;0.719687617;0.122344631;4.351154169;-4.331154169
2020;30.503261;31.092925;2020;12;21;356;21/12/2020;37;16.65;23.36;11.98;0.01;2.16;73.5;11.32;12.67;0.603333333;11.38;0.795030264;0.127531947;5.221321793;-5.211321793
2020;30.503261;31.092925;2020;12;22;357;22/12/2020;38;17.03;22.35;13.56;0.01;2.32;72.19;11.48;12.955;0.616904762;8.79;0.771979451;0.129551421;4.74284574;-4.73284574
2020;30.503261;31.092925;2020;12;23;358;23/12/2020;39;16.18;20.72;13.87;0;3.14;71;10.63;12.295;0.58547619;6.85;0.734060792;0.124915456;3.72165816;-3.72165816
2020;30.503261;31.092925;2020;12;24;359;24/12/2020;40;16.4;20.52;13.33;0;2.65;67.25;10.06;11.925;0.567857143;7.19;0.739581051;0.122378612;4.054079442;-4.054079442
2020;30.503261;31.092925;2020;12;25;360;25/12/2020;41;16.57;21.78;13.06;0;1.59;62.81;8.8;12.42;0.591428571;8.72;0.923501105;0.125782514;5.006606891;-5.006606891
2020;30.503261;31.092925;2020;12;26;361;26/12/2020;42;16.71;24.14;11.6;0;3.29;71.69;10.74;12.87;0.612857143;12.54;0.897311876;0.128946305;5.056531798;-5.056531798
2020;30.503261;31.092925;2020;12;27;362;27/12/2020;43;18.13;25.87;13.57;0;2.75;69.75;11.58;14.72;0.700952381;12.3;1.080891551;0.142671472;5.247715926;-5.247715926
2020;30.503261;31.092925;2020;12;28;363;28/12/2020;44;15.8;23.88;10.02;0;1.63;74.38;10.02;11.95;0.569047619;13.86;0.866413355;0.122548632;4.541934116;-4.541934116
2020;30.503261;31.092925;2020;12;29;364;29/12/2020;45;16.24;23.16;11.63;0;1.83;79.25;12.26;12.395;0.590238095;11.53;0.675911282;0.125608695;5.278066593;-5.278066593
2020;30.503261;31.092925;2020;12;30;365;30/12/2020;46;16.19;23.3;11.73;0;2.27;75.38;11.23;12.515;0.595952381;11.57;0.786359664;0.126444886;5.084384876;-5.084384876
2020;30.503261;31.092925;2020;12;31;366;31/12/2020;47;16.1;22.15;12.18;0;1.84;74.69;10.94;12.165;0.579285714;9.97;0.736237478;0.124019098;5.358037452;-5.358037452
2020;30.503261;31.092925;2021;1;1;1;01/01/2021;48;16.25;22.35;11.48;0;2.16;72.19;10.41;11.915;0.567380952;10.87;0.765890944;0.122310659;5.320231327;-5.320231327
2020;30.503261;31.092925;2021;1;2;2;02/01/2021;49;17.12;22.75;12.83;0;2.27;75;12.06;12.79;0.609047619;9.92;0.716069779;0.128378975;4.94888408;-4.94888408
2020;30.503261;31.092925;2021;1;3;3;03/01/2021;50;17;23.83;12.57;0;2.18;79.94;13.15;13.2;0.628571429;11.26;0.692328675;0.131309062;4.874640822;-4.874640822
2020;30.503261;31.092925;2021;1;4;4;04/01/2021;51;17.25;23.78;12.38;0;1.67;79;13.49;13.08;0.622857143;11.4;0.64493886;0.130445668;4.878425549;-4.878425549
2020;30.503261;31.092925;2021;1;5;5;05/01/2021;52;18.19;25.79;14.08;0;1.51;80;14.03;14.935;0.711190476;11.71;0.861681732;0.144343892;4.850000186;-4.850000186
2020;30.503261;31.092925;2021;1;6;6;06/01/2021;53;17.44;23.33;13.68;0;1.54;81.5;14.11;13.505;0.643095238;9.65;0.60578472;0.133525344;3.2449115;-3.2449115
2020;30.503261;31.092925;2021;1;7;7;07/01/2021;54;18.08;26.87;12.71;0;1.61;76.94;13.35;14.79;0.704285714;14.16;0.971475642;0.143214171;4.994636039;-4.994636039
2020;30.503261;31.092925;2021;1;8;8;08/01/2021;55;17.55;25.83;13.01;0;1.41;74.38;11.87;14.42;0.686666667;12.82;1.022659483;0.140365288;4.60194753;-4.60194753
2020;30.503261;31.092925;2021;1;9;9;09/01/2021;56;17.39;25.16;13.14;0;1.75;75.56;12.24;14.15;0.673809524;12.02;0.929872777;0.138316781;5.544813069;-5.544813069
2020;30.503261;31.092925;2021;1;10;10;10/01/2021;57;17.84;25.77;12.85;0;2;73.06;12.05;14.31;0.681428571;12.92;0.992345152;0.139527632;5.072709753;-5.072709753
2020;30.503261;31.092925;2021;1;11;11;11/01/2021;58;18.09;26.93;12.43;0.11;2.5;70.56;11.27;14.68;0.699047619;14.5;1.16027918;0.14236214;5.537055039;-5.427055039
2020;30.503261;31.092925;2021;1;12;12;12/01/2021;59;17.6;27.12;10;0.06;2.27;58;7.5;13.56;0.645714286;17.12;1.372415198;0.133928355;4.395504199;-4.335504199
2020;30.503261;31.092925;2021;1;13;13;13/01/2021;60;16.53;20.78;12.6;0.04;4.3;53.44;6.51;11.69;0.556666667;8.18;0.9876347;0.120790176;2.742833199;-2.702833199
2020;30.503261;31.092925;2021;1;14;14;14/01/2021;61;14.36;18.9;11.19;3.51;4.58;70.69;8.72;10.045;0.478333333;7.71;0.630008936;0.110153264;3.195310585;0.314689415
2020;30.503261;31.092925;2021;1;15;15;15/01/2021;62;13.41;19.48;9.84;0.13;2.52;64.5;6.15;9.66;0.46;9.64;0.79457057;0.107782148;4.92406323;-4.79406323
2020;30.503261;31.092925;2021;1;16;16;16/01/2021;63;13.47;19.66;8.04;0.13;4.01;61.25;5.7;8.85;0.421428571;11.62;0.766716953;0.102934897;4.259814238;-4.129814238
2020;30.503261;31.092925;2021;1;17;17;17/01/2021;64;13.4;18.83;8.83;2.65;5.23;66.62;6.87;8.83;0.42047619;10;0.661597127;0.102817598;3.703033535;-1.053033535
2020;30.503261;31.092925;2021;1;18;18;18/01/2021;65;13.19;17.96;9.54;0.11;3.7;60.75;5.33;8.75;0.416666667;8.42;0.732077643;0.102349537;4.138341685;-4.028341685
2020;30.503261;31.092925;2021;1;19;19;19/01/2021;66;11.3;15.41;8.32;5.79;3.84;76.75;7.29;6.865;0.326904762;7.09;0.401632259;0.09183349;2.996548985;2.793451015
2020;30.503261;31.092925;2021;1;20;20;20/01/2021;67;11.94;16.46;7.83;0.73;4.34;63.69;4.89;7.145;0.340238095;8.63;0.60075232;0.093334724;5.233604674;-4.503604674
2020;30.503261;31.092925;2021;1;21;21;21/01/2021;68;11.98;18.51;7.69;0;2.02;64.94;5.05;8.1;0.385714286;10.82;0.71533639;0.098613276;4.138146031;-4.138146031
2020;30.503261;31.092925;2021;1;22;22;22/01/2021;69;12.82;19.73;6.73;0;2.7;69.56;6.73;8.23;0.391904762;13;0.658003035;0.099351095;5.211266554;-5.211266554
2020;30.503261;31.092925;2021;1;23;23;23/01/2021;70;13.43;20.29;8.48;0;2.36;67.75;6.96;9.385;0.446904762;11.81;0.745333971;0.106115178;5.431471004;-5.431471004
2020;30.503261;31.092925;2021;1;24;24;24/01/2021;71;13.8;20.01;9.74;0;1.84;66.62;7.17;9.875;0.470238095;10.27;0.759591703;0.10910087;5.893869924;-5.893869924
2020;30.503261;31.092925;2021;1;25;25;25/01/2021;72;14.24;21.28;10.26;0;1.04;63;6.75;10.77;0.512857143;11.02;0.904992674;0.114738801;6.154770451;-6.154770451
2020;30.503261;31.092925;2021;1;26;26;26/01/2021;73;13.5;21.72;6.65;0;2.02;68.81;6.82;9.185;0.437380952;15.07;0.799019848;0.104916648;5.562823332;-5.562823332
2020;30.503261;31.092925;2021;1;27;27;27/01/2021;74;14.98;23.27;9.49;0.11;3.62;57.69;5.23;11.38;0.541904762;13.78;1.134681366;0.11872158;5.097102828;-4.987102828
2020;30.503261;31.092925;2021;1;28;28;28/01/2021;75;12.61;17.62;9.54;0.58;3.38;62.56;5.3;8.58;0.408571429;8.08;0.712132246;0.101360922;3.697277193;-3.117277193
2020;30.503261;31.092925;2021;1;29;29;29/01/2021;76;12.33;16.97;8.48;0.59;4.02;62.75;4.87;7.725;0.367857143;8.49;0.65675011;0.096511026;4.587365745;-3.997365745
2020;30.503261;31.092925;2021;1;30;30;30/01/2021;77;13.13;19.75;6.8;0;4.26;61.31;4.92;8.275;0.394047619;12.95;0.777783498;0.099607586;5.674992962;-5.674992962
2020;30.503261;31.092925;2021;1;31;31;31/01/2021;78;15.76;23.99;9.3;0;2.97;53.38;5.62;11.645;0.55452381;14.69;1.166001704;0.120488012;6.52767025;-6.52767025
2020;30.503261;31.092925;2021;2;1;32;01/02/2021;79;16.87;26.53;10.21;0;1.98;47.62;4.28;13.37;0.636666667;16.32;1.527298212;0.132540489;6.901368945;-6.901368945
2020;30.503261;31.092925;2021;2;2;33;02/02/2021;80;17.15;27.23;9.1;0.12;1.63;58.62;6.29;13.165;0.626904762;18.13;1.430688397;0.13105674;5.51774419;-5.39774419
2020;30.503261;31.092925;2021;2;3;34;03/02/2021;81;17.44;27.09;10.45;0.07;1.87;53.06;4.81;13.77;0.655714286;16.64;1.563987106;0.135476617;5.803630365;-5.733630365
2020;30.503261;31.092925;2021;2;4;35;04/02/2021;82;16.81;21.31;14.12;1.98;3.88;77.44;12.22;12.715;0.60547619;7.19;0.649865231;0.127849025;3.678903052;-1.698903052
2020;30.503261;31.092925;2021;2;5;36;05/02/2021;83;16.33;22.2;12.62;0.02;3.46;75.31;11.23;12.41;0.590952381;9.58;0.73569596;0.125712962;6.278263256;-6.258263256
2020;30.503261;31.092925;2021;2;6;37;06/02/2021;84;16.21;23.53;12.27;0;1.55;75.88;10.98;12.9;0.614285714;11.26;0.85325184;0.129159601;4.879672572;-4.879672572
2020;30.503261;31.092925;2021;2;7;38;07/02/2021;85;16.04;23.78;11.1;0;0.98;72.12;10.02;12.44;0.592380952;12.68;0.9034646;0.125921715;5.76920895;-5.76920895
2020;30.503261;31.092925;2021;2;8;39;08/02/2021;86;15.15;25.19;8.69;0;1.93;59;5.9;11.94;0.568571429;16.5;1.235326375;0.1224806;3.447078607;-3.447078607
2020;30.503261;31.092925;2021;2;9;40;09/02/2021;87;17.38;28.18;9.92;0;2.1;51.69;5.06;13.96;0.669047619;18.26;1.644536405;0.137564526;7.18101146;-7.18101146
2020;30.503261;31.092925;2021;2;10;41;10/02/2021;88;16.15;24.72;11.01;0;2.05;67.75;8.74;12.865;0.612619048;13.71;1.086370977;0.128910785;7.584473821;-7.584473821
2020;30.503261;31.092925;2021;2;11;42;11/02/2021;89;15.84;25.39;9.15;0;1.7;68.31;8.19;12.27;0.584285714;16.24;1.114164503;0.124742654;7.070023755;-7.070023755
2020;30.503261;31.092925;2021;2;12;43;12/02/2021;90;15.56;24.5;9.68;0;1.79;70.31;8.13;12.09;0.575714286;14.82;1.055924734;0.123504454;7.416860618;-7.416860618
2020;30.503261;31.092925;2021;2;13;44;13/02/2021;91;15.6;22.75;10.77;0;1.62;64.75;7.76;11.76;0.56;11.98;0.974616074;0.121261487;6.990504847;-6.990504847
2020;30.503261;31.092925;2021;2;14;45;14/02/2021;92;14.62;22.05;10.4;0;1.61;66.12;7.39;11.225;0.53452381;11.65;0.927596608;0.117698608;6.806316258;-6.806316258
2020;30.503261;31.092925;2021;2;15;46;15/02/2021;93;15.6;23.61;9.76;0.09;1.73;61.19;6.92;11.685;0.556428571;13.85;1.065162053;0.120756571;7.600482996;-7.510482996
2020;30.503261;31.092925;2021;2;16;47;16/02/2021;94;11;14.43;8.02;17.83;4.7;78.75;7.26;6.225;0.296428571;6.41;0.339099759;0.088479162;2.287904601;15.5420954
2020;30.503261;31.092925;2021;2;17;48;17/02/2021;95;9.57;12.04;7.98;7.87;6.55;63.5;2.87;5.01;0.238571429;4.06;0.487968622;0.082397881;4.733355316;3.136644684
2020;30.503261;31.092925;2021;2;18;49;18/02/2021;96;11.62;16.45;8.08;0.81;3.37;65.81;5.01;7.265;0.345952381;8.37;0.60198054;0.09398448;5.696840819;-4.886840819
2020;30.503261;31.092925;2021;2;19;50;19/02/2021;97;11.95;17.31;8.46;11.94;2.59;79.88;8.3;7.885;0.37547619;8.85;0.44658482;0.097403271;5.820054815;6.119945185
2020;30.503261;31.092925;2021;2;20;51;20/02/2021;98;12.28;18.05;8.27;0.07;2.39;66.88;5.77;8.16;0.388571429;9.78;0.661226621;0.098953227;6.310927228;-6.240927228
2020;30.503261;31.092925;2021;2;21;52;21/02/2021;99;13.37;18.55;10.08;0.41;1.34;68.25;7.31;9.315;0.443571429;8.47;0.662101315;0.105694375;6.045061872;-5.635061872
2020;30.503261;31.092925;2021;2;22;53;22/02/2021;100;12.46;18.65;7.35;0.78;1.8;71.19;6.87;8;0.380952381;11.3;0.595060655;0.098048902;5.057171421;-4.277171421
2020;30.503261;31.092925;2021;2;23;54;23/02/2021;101;13.73;16.4;11.14;3.51;3.55;79.88;10.23;8.77;0.417619048;5.26;0.34809466;0.102466382;2.151061766;1.358938234
2020;30.503261;31.092925;2021;2;24;55;24/02/2021;102;14.83;21.08;10.7;0.02;3.48;73;9.4;10.89;0.518571429;10.38;0.713530515;0.115513204;7.783363721;-7.763363721
2020;30.503261;31.092925;2021;2;25;56;25/02/2021;103;15.24;23.51;9.88;0.01;2.43;77.12;10.96;11.695;0.556904762;13.63;0.748447098;0.12082379;6.861694653;-6.851694653
2020;30.503261;31.092925;2021;2;26;57;26/02/2021;104;14.89;21.14;10.4;0;1.51;71.94;9.02;10.77;0.512857143;10.74;0.735233535;0.114738801;7.04559249;-7.04559249
2020;30.503261;31.092925;2021;2;27;58;27/02/2021;105;15.19;22.16;10.37;0;2.77;73.06;9.67;11.265;0.536428571;11.79;0.763188299;0.117961882;8.016467644;-8.016467644
2020;30.503261;31.092925;2021;2;28;59;28/02/2021;106;14.78;21.38;9.56;0;2.74;75.75;9.96;10.47;0.498571429;11.82;0.644240553;0.112822055;7.407693977;-7.407693977
2020;30.503261;31.092925;2021;3;1;60;01/03/2021;107;15.32;21.55;10.5;0;3.02;67.38;8.76;11.025;0.525;11.05;0.791391585;0.116389708;7.90869911;-7.90869911
2020;30.503261;31.092925;2021;3;2;61;02/03/2021;108;14.14;20.12;9.33;0.07;3.58;64.38;7;9.725;0.463095238;10.79;0.762923753;0.108179395;6.829905156;-6.759905156
2020;30.503261;31.092925;2021;3;3;62;03/03/2021;109;13.23;17.26;10.73;2.81;3.89;64.62;6.48;8.995;0.428333333;6.53;0.662948891;0.103788727;6.296979765;-3.486979765
2020;30.503261;31.092925;2021;3;4;63;04/03/2021;110;14.6;20.3;10.44;0.4;3.34;67.69;8.13;10.37;0.493809524;9.86;0.741021893;0.112189214;8.296327689;-7.896327689
2020;30.503261;31.092925;2021;3;5;64;05/03/2021;111;14.47;22.56;8.62;0;2;71.44;8.3;10.59;0.504285714;13.94;0.832312694;0.113585464;8.61621989;-8.61621989
2020;30.503261;31.092925;2021;3;6;65;06/03/2021;112;14.38;23.24;7.56;0.25;1.96;71.69;8.31;10.4;0.495238095;15.68;0.85010252;0.112378749;9.008024191;-8.758024191
2020;30.503261;31.092925;2021;3;7;66;07/03/2021;113;14.75;23.17;8.76;0.15;2.34;70.56;8.18;10.965;0.522142857;14.41;0.897996092;0.115999456;8.976037966;-8.826037966
2020;30.503261;31.092925;2021;3;8;67;08/03/2021;114;15.75;23.98;10.32;0.79;1.79;70.06;9.05;12.15;0.578571429;13.66;0.965464804;0.123916024;8.99218813;-8.20218813
2020;30.503261;31.092925;2021;3;9;68;09/03/2021;115;17.11;27.68;8.46;0.61;2.84;62.25;7.48;13.07;0.622380952;19.22;1.373050033;0.130373937;8.215601952;-7.605601952
2020;30.503261;31.092925;2021;3;10;69;10/03/2021;116;20.04;31.98;12.8;2.47;3.89;50;5.76;15.4;0.828095238;19.18;2.194089117;0.164647199;9.039754691;-6.569754691
2020;30.503261;31.092925;2021;3;11;70;11/03/2021;117;17.62;24.33;14.33;3.85;3.86;76.44;12.8;14.33;0.682380952;10;0.860031904;0.139679618;7.179412074;-3.329412074
2020;30.503261;31.092925;2021;3;12;71;12/03/2021;118;15.29;20.8;11.04;0.02;4.86;59.06;6.77;10.92;0.52;9.76;0.900237503;0.115707497;7.64899613;-7.62899613
2020;30.503261;31.092925;2021;3;13;72;13/03/2021;119;14.33;21.14;10.19;0;2.36;65.81;7.36;10.665;0.507857143;10.95;0.849155469;0.114064819;8.013569128;-8.013569128
2020;30.503261;31.092925;2021;3;14;73;14/03/2021;120;15.68;23.61;10.18;0;2.16;68.38;9.14;11.895;0.566428571;13.43;0.919821116;0.122174851;6.813838372;-6.813838372
2020;30.503261;31.092925;2021;3;15;74;15/03/2021;121;16.26;23.15;10.51;0;2.12;73.44;10.76;11.83;0.563333333;12.64;0.760852877;0.121734357;7.804199726;-7.804199726
2020;30.503261;31.092925;2021;3;16;75;16/03/2021;122;15.91;22.35;11.36;0;2.57;69.69;9.69;11.855;0.56452381;10.99;0.819948489;0.121903618;9.27846096;-9.27846096
2020;30.503261;31.092925;2021;3;17;76;17/03/2021;123;15.41;22.78;8.46;0.69;3.36;64.69;7.47;10.62;0.505714286;14.32;0.904873264;0.113777;9.410365535;-8.720365535
2020;30.503261;31.092925;2021;3;18;77;18/03/2021;124;15.29;22.21;10.72;3.18;2.55;69.25;8.86;11.465;0.545952381;11.49;0.845946633;0.119285761;8.90656448;-5.72656448
2020;30.503261;31.092925;2021;3;19;78;19/03/2021;125;16.04;23.4;11.12;90.97;1.77;62.5;7.79;12.26;0.583809524;12.28;1.043120229;0.12467359;9.700979352;81.26902065
2020;30.503261;31.092925;2021;3;20;79;20/03/2021;126;18.46;27.1;11.45;0.09;2.59;64;10.35;14.275;0.679761905;15.65;1.212304256;0.139261995;8.929720544;-8.839720544
2020;30.503261;31.092925;2021;3;21;80;21/03/2021;127;19.7;26.33;12.77;26.66;2.22;74.56;14.44;14.55;0.692857143;13.56;0.806626439;0.14136073;6.513573708;20.14642629
2020;30.503261;31.092925;2021;3;22;81;22/03/2021;128;21.71;27.73;17.94;0;2.18;63.44;14.12;17.835;0.849285714;9.79;1.277425265;0.168574071;3.489458064;-3.489458064
2020;30.503261;31.092925;2021;3;23;82;23/03/2021;129;18.81;23.11;12.65;0;4.45;64.88;11.74;12.88;0.613333333;10.46;0.767279812;0.129017371;6.599250453;-6.599250453
2020;30.503261;31.092925;2021;3;24;83;24/03/2021;130;14.3;18.56;11.05;1.2;5.05;68.88;8.28;9.805;0.466904762;7.51;0.634018717;0.108670022;6.455459975;-5.255459975
2020;30.503261;31.092925;2021;3;25;84;25/03/2021;131;13.43;17.06;10.61;2.39;3.05;73.5;8.5;8.835;0.420714286;6.45;0.502219689;0.102846912;5.84324697;-3.45324697
2020;30.503261;31.092925;2021;3;26;85;26/03/2021;132;12.52;17.33;8.45;0.59;3.55;66.44;6.04;7.89;0.375714286;8.88;0.604638103;0.097431267;8.389291933;-7.799291933
2020;30.503261;31.092925;2021;3;27;86;27/03/2021;133;13.24;19.02;7.27;2.13;3.45;60.81;5.31;8.145;0.387857143;11.75;0.718969009;0.098868146;7.425828355;-5.295828355
2020;30.503261;31.092925;2021;3;28;87;28/03/2021;134;14.46;19.1;11.67;6.25;2.88;66.56;7.94;10.385;0.49452381;7.43;0.723320307;0.112283948;8.182892535;-1.932892535
2020;30.503261;31.092925;2021;3;29;88;29/03/2021;135;14.31;19.97;10.51;2.46;2.98;66.38;7.58;10.24;0.487619048;9.46;0.759762894;0.111371031;9.417915725;-6.957915725
2020;30.503261;31.092925;2021;3;30;89;30/03/2021;136;15.35;21.48;11.26;6.08;3.12;69.44;8.99;11.37;0.541428571;10.22;0.801117405;0.118655355;9.726033817;-3.646033817
2020;30.503261;31.092925;2021;3;31;90;31/03/2021;137;13.56;18.82;9.51;18.45;2.89;72.31;8.25;9.165;0.436428571;9.31;0.589337495;0.104797431;8.338295002;10.111705
2020;30.503261;31.092925;2021;4;1;91;01/04/2021;138;13.62;19.73;7.72;0.75;3.75;70.06;7.46;8.725;0.41547619;12.01;0.642014743;0.10220364;8.612625722;-7.862625722
2020;30.503261;31.092925;2021;4;2;92;02/04/2021;139;14.5;19.68;9.92;0;3.67;71;8.8;9.8;0.466666667;9.76;0.624217228;0.108639302;9.613040909;-9.613040909
2020;30.503261;31.092925;2021;4;3;93;03/04/2021;140;14.83;23.03;8.12;0;1.91;67.81;7.66;10.575;0.503571429;14.91;0.89984537;0.113489799;10.35497942;-10.35497942
2020;30.503261;31.092925;2021;4;4;94;04/04/2021;141;17.44;26.93;8.23;0;2.07;58.88;7.42;12.58;0.599047619;18.7;1.28904347;0.12689979;10.16584987;-10.16584987
2020;30.503261;31.092925;2021;4;5;95;05/04/2021;142;19.07;30.59;9.65;0;2.59;57.06;8.26;13.825;0.72;20.94;1.702151569;0.145796199;10.44346994;-10.44346994
2020;30.503261;31.092925;2021;4;6;96;06/04/2021;143;21.47;33.26;11.4;0;1.68;60.06;10.76;14.7;0.825238095;21.86;1.934018579;0.164123691;11.11655765;-11.11655765
2020;30.503261;31.092925;2021;4;7;97;07/04/2021;144;19.3;26.53;13.94;0;2.82;66.62;12.32;15.235;0.72547619;12.59;1.097826793;0.146705201;9.744164326;-9.744164326
2020;30.503261;31.092925;2021;4;8;98;08/04/2021;145;17.24;24.61;12.11;0;2.88;72.88;11.39;13.36;0.636190476;12.5;0.906684987;0.132467782;10.92262443;-10.92262443
2020;30.503261;31.092925;2021;4;9;99;09/04/2021;146;15.58;22.37;10.96;0;3.98;70.5;9.83;11.665;0.55547619;11.41;0.792618106;0.120622228;10.07911901;-10.07911901
2020;30.503261;31.092925;2021;4;10;100;10/04/2021;147;13.83;18.74;10.46;0;5.94;50.88;3.25;9.6;0.457142857;8.28;0.942818863;0.10741656;10.44037755;-10.44037755
2020;30.503261;31.092925;2021;4;11;101;11/04/2021;148;14.26;20.48;9.73;0;4.12;58.38;5.52;10.105;0.481190476;10.75;0.902779672;0.110526751;9.384158592;-9.384158592
2020;30.503261;31.092925;2021;4;12;102;12/04/2021;149;14.69;21.83;8.87;0;2.8;62.75;6.89;10.35;0.492857143;12.96;0.882992788;0.112063009;10.32380439;-10.32380439
2020;30.503261;31.092925;2021;4;13;103;13/04/2021;150;15.65;23.85;10.04;0;2.16;64.69;8.25;11.945;0.568809524;13.81;1.00300273;0.122514612;10.54853446;-10.54853446
2020;30.503261;31.092925;2021;4;14;104;14/04/2021;151;16.93;25.09;9.31;0;2.27;63.38;8.55;12.2;0.580952381;15.78;1.064905322;0.124259887;10.5077775;-10.5077775
2020;30.503261;31.092925;2021;4;15;105;15/04/2021;152;19.69;30.6;10.24;0;2.41;59;9.15;14.12;0.734285714;20.36;1.659771225;0.148177566;11.07873785;-11.07873785
2020;30.503261;31.092925;2021;4;16;106;16/04/2021;153;22.61;34.51;12.77;0.01;2.66;53.44;9.44;15.385;0.887619048;21.74;2.291072263;0.175878687;11.29702386;-11.28702386
2020;30.503261;31.092925;2021;4;17;107;17/04/2021;154;23.86;35.07;14.18;0;2.96;48.56;9.19;16.09;0.93452381;20.89;2.467962057;0.185178135;11.50142632;-11.50142632
2020;30.503261;31.092925;2021;4;18;108;18/04/2021;155;27.33;40.53;15.61;0;2.45;44.69;10.72;16.805;1;24.92;3.391405512;0.221028925;11.55874687;-11.55874687
2020;30.503261;31.092925;2021;4;19;109;19/04/2021;156;24.25;31.64;18.55;0.21;3.03;52.75;12.9;18.275;0.956904762;13.09;1.909613064;0.189759394;7.78463205;-7.57463205
2020;30.503261;31.092925;2021;4;20;110;20/04/2021;157;20.18;26.95;14.3;0.1;4.1;65;12.19;15.625;0.744047619;12.65;1.172173251;0.149823684;10.79803714;-10.69803714
2020;30.503261;31.092925;2021;4;21;111;21/04/2021;158;17.97;24.69;13.3;0;3.59;64.19;10.01;13.995;0.666428571;11.39;1.089763802;0.137152264;11.6502982;-11.6502982
2020;30.503261;31.092925;2021;4;22;112;22/04/2021;159;18.14;25.9;12.55;0;3.38;63.19;9.72;14.225;0.677380952;13.35;1.192783283;0.138883255;11.95283208;-11.95283208
2020;30.503261;31.092925;2021;4;23;113;23/04/2021;160;18.9;29.03;10.69;0;2.85;61.62;9.02;14.345;0.707619048;18.34;1.499605906;0.143758616;10.14914734;-10.14914734
2020;30.503261;31.092925;2021;4;24;114;24/04/2021;161;20.94;31.87;12.04;0;2.16;57.94;9.44;15.02;0.807380952;19.83;1.88041532;0.160883505;12.31649609;-12.31649609
2020;30.503261;31.092925;2021;4;25;115;25/04/2021;162;22.85;35.62;13.65;0;4.13;53.19;9.33;15.825;0.935;21.97;2.516460741;0.185274629;11.78475651;-11.78475651
2020;30.503261;31.092925;2021;4;26;116;26/04/2021;163;19.48;25.69;14.9;0;4.66;69.5;12.94;15.295;0.728333333;10.79;1.005428692;0.147181362;10.88683212;-10.88683212
2020;30.503261;31.092925;2021;4;27;117;27/04/2021;164;19.26;28.16;12.83;0;2.39;62.44;10.13;15.415;0.737857143;15.33;1.409495005;0.148778021;12.02970611;-12.02970611
2020;30.503261;31.092925;2021;4;28;118;28/04/2021;165;22.07;33.58;11.9;0;2.68;54.88;9.67;14.95;0.844761905;21.68;2.093593511;0.167729181;11.70542305;-11.70542305
2020;30.503261;31.092925;2021;4;29;119;29/04/2021;166;24.65;37.07;14.81;0;3.25;53.44;11.19;16.405;0.997142857;22.26;2.662215397;0.198236142;12.47429469;-12.47429469
2020;30.503261;31.092925;2021;4;30;120;30/04/2021;167;25.72;38.64;16.44;0;2.79;50.81;10.3;17.22;1;22.2;3.110781356;0.215161385;12.38986182;-12.38986182
2020;30.503261;31.092925;2021;5;1;121;01/05/2021;168;26;37.31;16.81;0;2.31;44.75;9.92;17.405;1;20.5;2.926540648;0.209960912;11.86978526;-11.86978526
2020;30.503261;31.092925;2021;5;2;122;02/05/2021;169;26.02;36.27;18.5;0;2.5;46;9.94;18.25;1;17.77;2.85654848;0.21347036;12.20891077;-12.20891077
2020;30.503261;31.092925;2021;5;3;123;03/05/2021;170;27.23;39.04;18.33;0;2.25;50.31;11.64;18.165;1;20.71;3.187132201;0.228005418;12.23113728;-12.23113728
